5,5,100
1973,Lawton,Sebastian,M,1893,Walters,Dominic,M,1871,Walters,Jayden,M
1916,Walters,London,F,1893,Anand,Gabriel,M, -1
1882,Sytwu,Emily,F,1974,Walters,Alice,F,1866,Matyas,Aaliyah,F
1937,Walters,Gavin,M,1938,Sytwu,Paisley,F,1889,Walters,Alexander,M
1908,Sytwu,Clara,F,1916,Walters,London,F,1866,Matyas,Aaliyah,F
1894,Walters,Leah,F,1871,Walters,Jayden,M,1871,Walters,Jayden,M
1981,Walters,Nathan,M,1986,Lawton,Mackenzie,F,1908,Sytwu,Clara,F
1898,Hao,Keira,F,1937,Walters,Gavin,M, -1
1947,Sytwu,Jack,M,1873,Anand,Jayden,M,1873,Anand,Jayden,M
1915,Walters,Ethan,M,1899,Lawton,Thomas,M, -1
1875,Hao,Hudson,M,1865,Sytwu,Xavier,M, -1
1947,Walters,Isaiah,M,1871,Walters,Jayden,M,1871,Walters,Jayden,M
1955,Hao,Dylan,M,1918,Anand,Alexandra,F,1875,Hao,Hudson,M
1893,Anand,Gabriel,M,1954,Walters,Scarlett,F, -1
1972,Lawton,Ava,F,1969,Lawton,Cameron,M,1892,Hao,Scarlett,F
1911,Lawton,Eli,M,1890,Anand,Nora,F, -1
1871,Walters,Jayden,M,1875,Hao,Hudson,M, -1
1986,Hao,Emma,F,1964,Walters,Savannah,F,1964,Walters,Savannah,F
1958,Walters,Elena,F,1984,Lawton,Peyton,F,1889,Walters,Alexander,M
1969,Lawton,Isaac,M,1975,Walters,Carter,M,1900,Hao,Ella,F
1913,Sytwu,Ryder,M,1965,Lawton,Isaiah,M,1890,Anand,Nora,F
1971,Lawton,Noah,M,1957,Lawton,Hunter,M,1890,Anand,Nora,F
1934,Lawton,Evelyn,F,1916,Walters,London,F,1866,Matyas,Aaliyah,F
1892,Hao,Scarlett,F,1889,Walters,Alexander,M, -1
1976,Lawton,Kaitlyn,F,1942,Sytwu,Scarlett,F,1920,Walters,Brooklyn,F
1894,Walters,Leah,F,1893,Anand,Gabriel,M, -1
1935,Hao,Hudson,M,1882,Sytwu,Emily,F, -1
1948,Lawton,Amelia,F,1865,Sytwu,Xavier,M, -1
1965,Lawton,Jordan,M,1969,Lawton,Isaac,M,1900,Hao,Ella,F
1883,Sytwu,Joshua,M,1921,Lawton,Nicholas,M, -1
1873,Anand,Jayden,M,1873,Anand,Jayden,M,1873,Anand,Jayden,M
1907,Lawton,Gabriel,M,1865,Sytwu,Xavier,M, -1
1871,Walters,Jayden,M,1890,Anand,Nora,F, -1
1904,Hao,Liliana,F,1962,Walters,Charlie,F,1904,Hao,Liliana,F
1971,Walters,Sebastian,M,1965,Lawton,Henry,M,1900,Hao,Ella,F
1968,Walters,Liliana,F,1871,Lawton,Michael,M,1871,Lawton,Michael,M
1901,Lawton,Carter,M,1875,Hao,Hudson,M, -1
1933,Lawton,Gabriel,M,1931,Lawton,Ethan,M,1871,Lawton,Michael,M
1964,Walters,Peyton,F,1865,Sytwu,Xavier,M,1865,Sytwu,Xavier,M
1907,Lawton,Gabriel,M,1865,Sytwu,Xavier,M, -1
1934,Lawton,Grace,F,1932,Anand,Hannah,F, -1
1951,Sytwu,Aaron,M,1904,Lawton,Lucy,F, -1
1911,Lawton,Eli,M,1947,Sytwu,Jack,M,1875,Hao,Hudson,M
1893,Anand,Gabriel,M,1875,Hao,Hudson,M, -1
1974,Walters,Leah,F,1954,Lawton,Alaina,F,1908,Sytwu,Clara,F
1871,Lawton,Michael,M,1893,Anand,Gabriel,M, -1
1873,Anand,Jayden,M,1915,Walters,Ethan,M, -1
1971,Sytwu,Alex,M,1871,Walters,Jayden,M,1871,Walters,Jayden,M
1896,Hao,Elena,F,1883,Sytwu,Joshua,M, -1
1889,Lawton,Julian,M,1931,Lawton,Ethan,M,1871,Lawton,Michael,M
1871,Walters,Jayden,M,1927,Anand,Samuel,M, -1
1980,Walters,Amelia,F,1953,Walters,Nathaniel,M,1908,Sytwu,Clara,F
1956,Anand,Jasmine,F,1981,Lawton,Hudson,M,1875,Hao,Hudson,M
1951,Sytwu,Aaron,M,1897,Walters,Charlie,M,1897,Walters,Charlie,M
1889,Lawton,Julian,M,1936,Lawton,Elena,F,1871,Lawton,Michael,M
1971,Walters,Aaron,M,1883,Sytwu,Joshua,M,1866,Matyas,Aaliyah,F
1967,Lawton,Lucas,M,1936,Walters,Charlie,F,1889,Walters,Alexander,M
1965,Lawton,Isaiah,M,1972,Lawton,Ava,F,1889,Walters,Alexander,M
1889,Walters,Alexander,M,1975,Walters,Jayden,M,1871,Walters,Jayden,M
1915,Sytwu,Eli,M,1875,Hao,Hudson,M, -1
1883,Sytwu,Joshua,M,1908,Sytwu,Clara,F,1883,Sytwu,Joshua,M
1883,Sytwu,Joshua,M,1923,Walters,Xander,M,1866,Matyas,Aaliyah,F
1911,Sytwu,Anthony,M,1969,Lawton,Cameron,M,1873,Anand,Jayden,M
1883,Sytwu,Joshua,M,1882,Sytwu,Emily,F,1866,Matyas,Aaliyah,F
1913,Walters,Brayden,M,1924,Anand,Lila,F,1875,Hao,Hudson,M
1893,Anand,Gabriel,M,1955,Lawton,David,M, -1
1892,Hao,Scarlett,F,1916,Walters,London,F, -1
1939,Lawton,Carter,M,1969,Lawton,Cameron,M,1889,Walters,Alexander,M
1899,Lawton,Thomas,M,1875,Hao,Hudson,M, -1
1913,Walters,Brayden,M,1913,Walters,Brayden,M,1913,Walters,Brayden,M
1897,Walters,Charlie,M,1871,Walters,Jayden,M,1871,Walters,Jayden,M
1915,Lawton,Thomas,M,1865,Sytwu,Xavier,M, -1
1890,Anand,Nora,F,1865,Sytwu,Xavier,M, -1
1969,Lawton,Cameron,M,1875,Hao,Hudson,M,1875,Hao,Hudson,M
1893,Walters,Dominic,M,1871,Lawton,Michael,M, -1
1890,Anand,Nora,F,1916,Lawton,Samantha,F, -1
1925,Hao,Declan,M,1977,Walters,Sebastian,M,1904,Lawton,Lucy,F
1986,Walters,Cora,F,1977,Walters,Sebastian,M,1890,Anand,Nora,F
1947,Walters,Isaiah,M,1981,Walters,Christian,M,1889,Walters,Alexander,M
1871,Walters,Jayden,M,1873,Anand,Jayden,M, -1
1911,Lawton,Eli,M,1908,Sytwu,Clara,F, -1
1981,Walters,Nathan,M,1894,Walters,Leah,F,1894,Walters,Leah,F
1871,Lawton,Michael,M,1936,Lawton,Elena,F,1871,Lawton,Michael,M
1900,Hao,Ella,F,1969,Lawton,Cameron,M,1900,Hao,Ella,F
1931,Walters,Elijah,M,1939,Lawton,Carter,M,1871,Walters,Jayden,M
1977,Walters,Jordan,M,1931,Walters,Elijah,M,1875,Hao,Hudson,M
1928,Lawton,Jasmine,F,1865,Sytwu,Xavier,M,1865,Sytwu,Xavier,M
1954,Walters,Scarlett,F,1956,Anand,Jasmine,F,1875,Hao,Hudson,M
1925,Lawton,Nicholas,M,1946,Sytwu,Lucy,F,1890,Anand,Nora,F
1964,Walters,Savannah,F,1865,Sytwu,Xavier,M,1865,Sytwu,Xavier,M
1923,Walters,Cameron,M,1871,Walters,Jayden,M,1871,Walters,Jayden,M
1893,Walters,Dominic,M,1915,Walters,Ethan,M,1893,Walters,Dominic,M
1915,Sytwu,Eli,M,1883,Sytwu,Joshua,M,1883,Sytwu,Joshua,M
1893,Anand,Gabriel,M,1927,Anand,Samuel,M,1893,Anand,Gabriel,M
1932,Anand,Hannah,F,1873,Anand,Jayden,M,1873,Anand,Jayden,M
1871,Walters,Jayden,M,1873,Anand,Jayden,M, -1
1893,Anand,Gabriel,M,1948,Sytwu,Liliana,F,1873,Anand,Jayden,M
1913,Lawton,Muhammad,M,1965,Lawton,Jordan,M,1875,Hao,Hudson,M
1984,Lawton,Grace,F,1915,Walters,Ethan,M,1875,Hao,Hudson,M
1949,Sytwu,Jordan,M,1964,Walters,Sophie,F,1871,Lawton,Michael,M
2005,Lawton,Eli,M
2005,Lawton,Zachary,M
2003,Lawton,Austin,M
2003,Lawton,William,M
2003,Walters,Ian,M
2001,Lawton,Adam,M
2001,Lawton,Asher,M
2001,Lawton,Elijah,M
2001,Lawton,Jackson,M
2001,Lawton,Jonathan,M
2001,Lawton,Matthew,M
1999,Lawton,Jordan,M
1999,Walters,Nathaniel,M
1998,Lawton,Audrey,F
1998,Lawton,Emily,F
1998,Lawton,Mia,F
1998,Lawton,Paisley,F
1998,Lawton,Scarlett,F
1998,Walters,Maya,F
1997,Lawton,Benjamin,M
1997,Lawton,David,M
1997,Lawton,Elliot,M
1997,Lawton,Jordan,M
1997,Lawton,Landon,M
1996,Lawton,Abigail,F
1996,Lawton,Adalyn,F
1996,Lawton,Camilla,F
1996,Lawton,Mia,F
1995,Lawton,Easton,M
1995,Lawton,Michael,M
1995,Lawton,Ryan,M
1995,Walters,Michael,M
1994,Lawton,Anna,F
1994,Lawton,Keira,F
1994,Lawton,Lily,F
1994,Lawton,Zoe,F
1994,Walters,Camilla,F
1994,Walters,Lila,F
1993,Lawton,Aaron,M
1993,Lawton,Brayden,M
1993,Lawton,Charlie,M
1993,Lawton,Elliot,M
1993,Lawton,Landon,M
1993,Walters,Austin,M
1993,Walters,Christian,M
1992,Lawton,Alaina,F
1992,Lawton,Audrey,F
1992,Lawton,Hannah,F
1992,Lawton,Paisley,F
1992,Lawton,Sophie,F
1992,Walters,Mackenzie,F
1992,Walters,Makayla,F
1992,Walters,Peyton,F
1991,Lawton,Aaron,M
1991,Lawton,Benjamin,M
1991,Lawton,Dylan,M
1991,Lawton,Micah,M
1991,Walters,Aaron,M
1990,Lawton,Caroline,F
1990,Lawton,Elizabeth,F
1990,Lawton,Lauren,F
1990,Lawton,Maria,F
1990,Lawton,Olivia,F
1990,Lawton,Sydney,F
1990,Walters,Aaliyah,F
1990,Walters,Keira,F
1989,Lawton,Easton,M
1989,Lawton,Isaac,M
1989,Lawton,John,M
1989,Lawton,Nathaniel,M
1989,Walters,Aiden,M
1989,Walters,David,M
1989,Walters,Jayce,M
1989,Walters,Joseph,M
1989,Walters,Lincoln,M
1989,Walters,Sebastian,M
1989,Walters,Wyatt,M
1988,Lawton,Claire,F
1988,Lawton,Clara,F
1988,Lawton,Vivian,F
1988,Walters,Amelia,F
1987,Hao,Jack,M
1987,Lawton,Alex,M
1987,Lawton,Christopher,M
1987,Lawton,Jayce,M
1987,Walters,David,M
1987,Walters,Easton,M
1986,Hao,Emma,F
1986,Lawton,Alice,F
1986,Lawton,Anna,F
1986,Lawton,Hailey,F
1986,Lawton,Mackenzie,F
1986,Lawton,Peyton,F
1986,Lawton,Sadie,F
1986,Walters,Audrey,F
1986,Walters,Callie,F
1986,Walters,Chloe,F
1986,Walters,Cora,F
1986,Walters,Evelyn,F
1985,Lawton,Easton,M
1985,Lawton,Jack,M
1985,Walters,Grayson,M
1985,Walters,Miles,M
1985,Walters,Muhammad,M
1984,Hao,Elena,F
1984,Lawton,Elizabeth,F
1984,Lawton,Grace,F
1984,Lawton,Peyton,F
1984,Sytwu,London,F
1984,Walters,Adalyn,F
1984,Walters,Ava,F
1984,Walters,Sadie,F
1983,Hao,John,M
1983,Walters,Christian,M
1983,Walters,Dominic,M
1983,Walters,Thomas,M
1982,Hao,Allison,F
1982,Lawton,Liliana,F
1982,Walters,Audrey,F
1982,Walters,Maya,F
1982,Walters,Olivia,F
1981,Lawton,Hudson,M
1981,Walters,Christian,M
1981,Walters,Declan,M
1981,Walters,Evan,M
1981,Walters,Nathan,M
1980,Lawton,Emma,F
1980,Lawton,Kylie,F
1980,Sytwu,Anna,F
1980,Walters,Amelia,F
1979,Lawton,Joseph,M
1979,Walters,Alex,M
1979,Walters,Caden,M
1979,Walters,Hunter,M
1979,Walters,Jayden,M
1978,Hao,Liliana,F
1978,Lawton,Alice,F
1978,Lawton,Amelia,F
1978,Walters,Paisley,F
1977,Hao,Samuel,M
1977,Lawton,Aaron,M
1977,Lawton,Joseph,M
1977,Sytwu,William,M
1977,Walters,Easton,M
1977,Walters,Henry,M
1977,Walters,Jeremiah,M
1977,Walters,Jordan,M
1977,Walters,Muhammad,M
1977,Walters,Sebastian,M
1976,Lawton,Kaitlyn,F
1976,Lawton,Natalie,F
1976,Sytwu,Arianna,F
1976,Sytwu,Elena,F
1976,Walters,Chloe,F
1975,Lawton,Austin,M
1975,Lawton,Owen,M
1975,Walters,Caden,M
1975,Walters,Carter,M
1975,Walters,Gavin,M
1975,Walters,Jayden,M
1975,Walters,Joshua,M
1974,Lawton,Lily,F
1974,Walters,Alice,F
1974,Walters,Emily,F
1974,Walters,Leah,F,1969,Lawton,Cameron,M,1993,Lawton,Landon,M,1996,Lawton,Mia,F
1973,Lawton,Daniel,M
1973,Lawton,Sebastian,M
1973,Sytwu,Cooper,M
1973,Walters,Oliver,M
1972,Lawton,Alexis,F,1971,Walters,Sebastian,M,1992,Walters,Makayla,F,1993,Walters,Austin,M,1994,Walters,Lila,F,1998,Walters,Maya,F
1972,Lawton,Ava,F,1969,Walters,Chase,M,1989,Walters,Joseph,M
1972,Walters,Adalyn,F,1969,Lawton,Eli,M,1992,Lawton,Paisley,F,1993,Lawton,Brayden,M,1996,Lawton,Abigail,F,1999,Lawton,Jordan,M,2001,Lawton,Asher,M,2003,Lawton,William,M,2005,Lawton,Zachary,M
1971,Lawton,Caden,M
1971,Lawton,Declan,M
1971,Lawton,Noah,M
1971,Sytwu,Alex,M
1971,Sytwu,Samuel,M
1971,Walters,Aaron,M
1971,Walters,Adrian,M
1971,Walters,Max,M
1971,Walters,Sebastian,M,1972,Lawton,Alexis,F,1992,Walters,Makayla,F,1993,Walters,Austin,M,1994,Walters,Lila,F,1998,Walters,Maya,F
1970,Lawton,Elizabeth,F,1969,Walters,Colin,M,1989,Walters,Aiden,M,1991,Walters,Aaron,M,1992,Walters,Mackenzie,F
1970,Walters,Alexandra,F,1969,Lawton,Isaac,M,1990,Lawton,Sydney,F
1970,Walters,Katherine,F,1969,Lawton,Declan,M,1990,Lawton,Caroline,F,1992,Lawton,Sophie,F,1994,Lawton,Keira,F,1995,Lawton,Easton,M,1998,Lawton,Audrey,F,2001,Lawton,Elijah,M,2005,Lawton,Eli,M
1969,Lawton,Cameron,M,1974,Walters,Leah,F,1993,Lawton,Landon,M,1996,Lawton,Mia,F
1969,Lawton,Declan,M,1970,Walters,Katherine,F,1990,Lawton,Caroline,F,1992,Lawton,Sophie,F,1994,Lawton,Keira,F,1995,Lawton,Easton,M,1998,Lawton,Audrey,F,2001,Lawton,Elijah,M,2005,Lawton,Eli,M
1969,Lawton,Eli,M,1972,Walters,Adalyn,F,1992,Lawton,Paisley,F,1993,Lawton,Brayden,M,1996,Lawton,Abigail,F,1999,Lawton,Jordan,M,2001,Lawton,Asher,M,2003,Lawton,William,M,2005,Lawton,Zachary,M
1969,Lawton,Isaac,M,1970,Walters,Alexandra,F,1990,Lawton,Sydney,F
1969,Walters,Chase,M,1972,Lawton,Ava,F,1989,Walters,Joseph,M
1969,Walters,Colin,M,1970,Lawton,Elizabeth,F,1989,Walters,Aiden,M,1991,Walters,Aaron,M,1992,Walters,Mackenzie,F
1968,Lawton,Addison,F,1967,Walters,Matthew,M
1968,Lawton,Brooklyn,F,1961,Walters,Camden,M,1987,Walters,Easton,M,1989,Walters,Sebastian,M,1992,Walters,Peyton,F,1995,Walters,Michael,M,1999,Walters,Nathaniel,M,2003,Walters,Ian,M
1968,Lawton,Ellie,F,1961,Walters,Isaac,M
1968,Walters,Kayla,F,1965,Lawton,Elliot,M
1968,Walters,Liliana,F,1965,Lawton,Henry,M,1986,Lawton,Anna,F,1989,Lawton,Isaac,M,1991,Lawton,Benjamin,M,1995,Lawton,Michael,M,1998,Lawton,Paisley,F,2001,Lawton,Adam,M,2003,Lawton,Austin,M
1968,Walters,London,F,1965,Lawton,Isaiah,M,1986,Lawton,Peyton,F,1990,Lawton,Olivia,F,1992,Lawton,Audrey,F,1996,Lawton,Adalyn,F,1997,Lawton,Benjamin,M
1967,Lawton,Colin,M,1956,Walters,Leah,F,1986,Lawton,Mackenzie,F
1967,Lawton,Lucas,M,1962,Walters,Eliana,F,1987,Lawton,Alex,M,1991,Lawton,Micah,M,1993,Lawton,Aaron,M,1994,Lawton,Anna,F,1997,Lawton,Jordan,M,1998,Lawton,Scarlett,F
1967,Walters,Matthew,M,1968,Lawton,Addison,F
1966,Lawton,Kaylee,F,1959,Walters,Adrian,M,1984,Walters,Sadie,F,1986,Walters,Chloe,F,1989,Walters,Wyatt,M,1993,Walters,Christian,M,1994,Walters,Camilla,F
1966,Lawton,Penelope,F,1959,Walters,Julian,M,1983,Walters,Dominic,M,1986,Walters,Callie,F,1989,Walters,David,M
1966,Walters,Kaitlyn,F,1965,Lawton,Jordan,M,1988,Lawton,Vivian,F,1991,Lawton,Dylan,M,1992,Lawton,Hannah,F
1966,Walters,Paisley,F,1963,Lawton,Aaron,M
1965,Lawton,Elliot,M,1968,Walters,Kayla,F
1965,Lawton,Henry,M,1968,Walters,Liliana,F,1986,Lawton,Anna,F,1989,Lawton,Isaac,M,1991,Lawton,Benjamin,M,1995,Lawton,Michael,M,1998,Lawton,Paisley,F,2001,Lawton,Adam,M,2003,Lawton,Austin,M
1965,Lawton,Isaiah,M,1968,Walters,London,F,1986,Lawton,Peyton,F,1990,Lawton,Olivia,F,1992,Lawton,Audrey,F,1996,Lawton,Adalyn,F,1997,Lawton,Benjamin,M
1965,Lawton,Jordan,M,1966,Walters,Kaitlyn,F,1988,Lawton,Vivian,F,1991,Lawton,Dylan,M,1992,Lawton,Hannah,F
1964,Lawton,Bella,F,1957,Walters,Adam,M
1964,Lawton,Hailey,F,1957,Walters,Alex,M,1982,Walters,Maya,F,1985,Walters,Grayson,M,1986,Walters,Cora,F
1964,Walters,Adeline,F,1963,Lawton,Carson,M,1987,Lawton,Christopher,M,1989,Lawton,Easton,M,1990,Lawton,Lauren,F,1994,Lawton,Zoe,F,1997,Lawton,Elliot,M,1998,Lawton,Emily,F,2001,Lawton,Matthew,M
1964,Walters,Claire,F,1963,Lawton,Miles,M,1986,Lawton,Sadie,F,1989,Lawton,John,M,1993,Lawton,Charlie,M,1996,Lawton,Camilla,F
1964,Walters,Peyton,F,1961,Lawton,Easton,M,1986,Lawton,Alice,F,1990,Lawton,Maria,F,1992,Lawton,Alaina,F,1995,Lawton,Ryan,M,1998,Lawton,Mia,F,2001,Lawton,Jonathan,M
1964,Walters,Savannah,F,1959,Hao,Lincoln,M,1984,Hao,Elena,F,1986,Hao,Emma,F,1987,Hao,Jack,M
1964,Walters,Sophie,F,1959,Lawton,Brody,M,1985,Lawton,Jack,M,1988,Lawton,Clara,F,1990,Lawton,Elizabeth,F,1993,Lawton,Elliot,M,1997,Lawton,Landon,M
1963,Lawton,Aaron,M,1966,Walters,Paisley,F
1963,Lawton,Carson,M,1964,Walters,Adeline,F,1987,Lawton,Christopher,M,1989,Lawton,Easton,M,1990,Lawton,Lauren,F,1994,Lawton,Zoe,F,1997,Lawton,Elliot,M,1998,Lawton,Emily,F,2001,Lawton,Matthew,M
1963,Lawton,Miles,M,1964,Walters,Claire,F,1986,Lawton,Sadie,F,1989,Lawton,John,M,1993,Lawton,Charlie,M,1996,Lawton,Camilla,F
1962,Walters,Allison,F,1959,Lawton,Christopher,M
1962,Walters,Charlie,F,1957,Lawton,Hunter,M,1981,Lawton,Hudson,M,1985,Lawton,Easton,M,1989,Lawton,Nathaniel,M,1991,Lawton,Aaron,M,1994,Lawton,Lily,F,1997,Lawton,David,M,2001,Lawton,Jackson,M
1962,Walters,Eliana,F,1967,Lawton,Lucas,M,1987,Lawton,Alex,M,1991,Lawton,Micah,M,1993,Lawton,Aaron,M,1994,Lawton,Anna,F,1997,Lawton,Jordan,M,1998,Lawton,Scarlett,F
1961,Lawton,Easton,M,1964,Walters,Peyton,F,1986,Lawton,Alice,F,1990,Lawton,Maria,F,1992,Lawton,Alaina,F,1995,Lawton,Ryan,M,1998,Lawton,Mia,F,2001,Lawton,Jonathan,M
1961,Walters,Camden,M,1968,Lawton,Brooklyn,F,1987,Walters,Easton,M,1989,Walters,Sebastian,M,1992,Walters,Peyton,F,1995,Walters,Michael,M,1999,Walters,Nathaniel,M,2003,Walters,Ian,M
1961,Walters,Isaac,M,1968,Lawton,Ellie,F
1960,Lawton,Gianna,F,1957,Walters,Jackson,M,1976,Walters,Chloe,F,1978,Walters,Paisley,F,1981,Walters,Declan,M,1984,Walters,Ava,F,1988,Walters,Amelia,F,1989,Walters,Lincoln,M,1990,Walters,Keira,F
1959,Hao,Lincoln,M,1964,Walters,Savannah,F,1984,Hao,Elena,F,1986,Hao,Emma,F,1987,Hao,Jack,M
1959,Lawton,Brody,M,1964,Walters,Sophie,F,1985,Lawton,Jack,M,1988,Lawton,Clara,F,1990,Lawton,Elizabeth,F,1993,Lawton,Elliot,M,1997,Lawton,Landon,M
1959,Lawton,Christopher,M,1962,Walters,Allison,F
1959,Walters,Adrian,M,1966,Lawton,Kaylee,F,1984,Walters,Sadie,F,1986,Walters,Chloe,F,1989,Walters,Wyatt,M,1993,Walters,Christian,M,1994,Walters,Camilla,F
1959,Walters,Julian,M,1966,Lawton,Penelope,F,1983,Walters,Dominic,M,1986,Walters,Callie,F,1989,Walters,David,M
1958,Anand,Charlie,F,1955,Walters,Cameron,M,1977,Walters,Jordan,M,1981,Walters,Evan,M,1983,Walters,Thomas,M,1986,Walters,Evelyn,F,1990,Walters,Aaliyah,F
1958,Lawton,Keira,F,1953,Walters,Landon,M,1977,Walters,Easton,M,1980,Walters,Amelia,F,1982,Walters,Audrey,F,1985,Walters,Muhammad,M,1986,Walters,Audrey,F
1958,Lawton,Leah,F,1953,Walters,Nathaniel,M,1977,Walters,Muhammad,M,1981,Walters,Christian,M,1984,Walters,Adalyn,F,1987,Walters,David,M,1989,Walters,Jayce,M
1958,Walters,Elena,F,1955,Lawton,Joseph,M,1976,Lawton,Natalie,F,1979,Lawton,Joseph,M
1957,Lawton,Hunter,M,1962,Walters,Charlie,F,1981,Lawton,Hudson,M,1985,Lawton,Easton,M,1989,Lawton,Nathaniel,M,1991,Lawton,Aaron,M,1994,Lawton,Lily,F,1997,Lawton,David,M,2001,Lawton,Jackson,M
1957,Walters,Adam,M,1964,Lawton,Bella,F
1957,Walters,Alex,M,1964,Lawton,Hailey,F,1982,Walters,Maya,F,1985,Walters,Grayson,M,1986,Walters,Cora,F
1957,Walters,Jackson,M,1960,Lawton,Gianna,F,1976,Walters,Chloe,F,1978,Walters,Paisley,F,1981,Walters,Declan,M,1984,Walters,Ava,F,1988,Walters,Amelia,F,1989,Walters,Lincoln,M,1990,Walters,Keira,F
1956,Anand,Jasmine,F,1951,Walters,Caleb,M,1974,Walters,Leah,F
1956,Walters,Leah,F,1967,Lawton,Colin,M,1986,Lawton,Mackenzie,F
1956,Walters,Nora,F,1953,Lawton,Andrew,M,1977,Lawton,Aaron,M,1980,Lawton,Emma,F,1984,Lawton,Grace,F,1986,Lawton,Hailey,F,1987,Lawton,Jayce,M
1956,Walters,Sophia,F,1955,Hao,Dylan,M,1977,Hao,Samuel,M,1978,Hao,Liliana,F,1982,Hao,Allison,F,1983,Hao,John,M
1955,Hao,Dylan,M,1956,Walters,Sophia,F,1977,Hao,Samuel,M,1978,Hao,Liliana,F,1982,Hao,Allison,F,1983,Hao,John,M
1955,Lawton,David,M,1954,Walters,Layla,F,1975,Lawton,Owen,M,1978,Lawton,Amelia,F,1982,Lawton,Liliana,F,1984,Lawton,Elizabeth,F,1988,Lawton,Claire,F
1955,Lawton,Joseph,M,1958,Walters,Elena,F,1976,Lawton,Natalie,F,1979,Lawton,Joseph,M
1955,Walters,Cameron,M,1958,Anand,Charlie,F,1977,Walters,Jordan,M,1981,Walters,Evan,M,1983,Walters,Thomas,M,1986,Walters,Evelyn,F,1990,Walters,Aaliyah,F
1954,Lawton,Alaina,F,1951,Walters,David,M,1972,Walters,Adalyn,F,1975,Walters,Caden,M,1977,Walters,Henry,M,1979,Walters,Caden,M
1954,Lawton,Claire,F,1951,Walters,Noah,M,1973,Walters,Oliver,M,1975,Walters,Joshua,M,1977,Walters,Jeremiah,M,1981,Walters,Nathan,M,1983,Walters,Christian,M,1985,Walters,Miles,M
1954,Walters,Cadence,F,1951,Sytwu,Aaron,M,1976,Sytwu,Arianna,F
1954,Walters,Layla,F,1955,Lawton,David,M,1975,Lawton,Owen,M,1978,Lawton,Amelia,F,1982,Lawton,Liliana,F,1984,Lawton,Elizabeth,F,1988,Lawton,Claire,F
1954,Walters,Scarlett,F,1949,Sytwu,Camden,M,1971,Sytwu,Samuel,M,1973,Sytwu,Cooper,M,1976,Sytwu,Elena,F,1977,Sytwu,William,M,1980,Sytwu,Anna,F,1984,Sytwu,London,F
1953,Lawton,Andrew,M,1956,Walters,Nora,F,1977,Lawton,Aaron,M,1980,Lawton,Emma,F,1984,Lawton,Grace,F,1986,Lawton,Hailey,F,1987,Lawton,Jayce,M
1953,Walters,Landon,M,1958,Lawton,Keira,F,1977,Walters,Easton,M,1980,Walters,Amelia,F,1982,Walters,Audrey,F,1985,Walters,Muhammad,M,1986,Walters,Audrey,F
1953,Walters,Nathaniel,M,1958,Lawton,Leah,F,1977,Walters,Muhammad,M,1981,Walters,Christian,M,1984,Walters,Adalyn,F,1987,Walters,David,M,1989,Walters,Jayce,M
1952,Hao,Paisley,F,1947,Lawton,Alex,M,1972,Lawton,Ava,F,1975,Lawton,Austin,M,1977,Lawton,Joseph,M
1952,Lawton,Sophia,F,1949,Walters,Dominic,M,1971,Walters,Max,M,1974,Walters,Alice,F,1977,Walters,Sebastian,M,1979,Walters,Alex,M
1951,Sytwu,Aaron,M,1954,Walters,Cadence,F,1976,Sytwu,Arianna,F
1951,Walters,Caleb,M,1956,Anand,Jasmine,F,1974,Walters,Leah,F
1951,Walters,David,M,1954,Lawton,Alaina,F,1972,Walters,Adalyn,F,1975,Walters,Caden,M,1977,Walters,Henry,M,1979,Walters,Caden,M
1951,Walters,Noah,M,1954,Lawton,Claire,F,1973,Walters,Oliver,M,1975,Walters,Joshua,M,1977,Walters,Jeremiah,M,1981,Walters,Nathan,M,1983,Walters,Christian,M,1985,Walters,Miles,M
1950,Lawton,Emma,F,1949,Walters,Ryder,M,1971,Walters,Sebastian,M
1950,Lawton,Sophia,F,1949,Sytwu,Jordan,M,1971,Sytwu,Alex,M
1950,Walters,Annabelle,F,1947,Lawton,Miles,M,1969,Lawton,Cameron,M
1950,Walters,Zoe,F,1947,Sytwu,Jack,M
1949,Sytwu,Camden,M,1954,Walters,Scarlett,F,1971,Sytwu,Samuel,M,1973,Sytwu,Cooper,M,1976,Sytwu,Elena,F,1977,Sytwu,William,M,1980,Sytwu,Anna,F,1984,Sytwu,London,F
1949,Sytwu,Jordan,M,1950,Lawton,Sophia,F,1971,Sytwu,Alex,M
1949,Walters,Dominic,M,1952,Lawton,Sophia,F,1971,Walters,Max,M,1974,Walters,Alice,F,1977,Walters,Sebastian,M,1979,Walters,Alex,M
1949,Walters,Ryder,M,1950,Lawton,Emma,F,1971,Walters,Sebastian,M
1948,Lawton,Amelia,F,1947,Walters,Colton,M,1967,Walters,Matthew,M,1969,Walters,Colin,M,1971,Walters,Aaron,M,1975,Walters,Carter,M,1979,Walters,Hunter,M,1982,Walters,Olivia,F
1948,Sytwu,Liliana,F,1943,Lawton,Alexander,M,1965,Lawton,Isaiah,M,1968,Lawton,Brooklyn,F,1971,Lawton,Caden,M,1973,Lawton,Daniel,M,1976,Lawton,Kaitlyn,F,1980,Lawton,Kylie,F,1984,Lawton,Peyton,F
1947,Lawton,Alex,M,1952,Hao,Paisley,F,1972,Lawton,Ava,F,1975,Lawton,Austin,M,1977,Lawton,Joseph,M
1947,Lawton,Miles,M,1950,Walters,Annabelle,F,1969,Lawton,Cameron,M
1947,Sytwu,Jack,M,1950,Walters,Zoe,F
1947,Walters,Colton,M,1948,Lawton,Amelia,F,1967,Walters,Matthew,M,1969,Walters,Colin,M,1971,Walters,Aaron,M,1975,Walters,Carter,M,1979,Walters,Hunter,M,1982,Walters,Olivia,F
1947,Walters,Isaiah,M,1946,Lawton,Charlotte,F,1964,Walters,Claire,F,1966,Walters,Paisley,F,1968,Walters,London,F,1970,Walters,Alexandra,F,1974,Walters,Emily,F,1975,Walters,Gavin,M
1947,Walters,Liam,M,1946,Lawton,Brooklyn,F,1964,Walters,Savannah,F,1968,Walters,Liliana,F,1971,Walters,Adrian,M,1975,Walters,Jayden,M,1979,Walters,Jayden,M
1946,Lawton,Brooklyn,F,1947,Walters,Liam,M,1964,Walters,Savannah,F,1968,Walters,Liliana,F,1971,Walters,Adrian,M,1975,Walters,Jayden,M,1979,Walters,Jayden,M
1946,Lawton,Charlotte,F,1947,Walters,Isaiah,M,1964,Walters,Claire,F,1966,Walters,Paisley,F,1968,Walters,London,F,1970,Walters,Alexandra,F,1974,Walters,Emily,F,1975,Walters,Gavin,M
1946,Sytwu,Hannah,F,1941,Lawton,Max,M,1964,Lawton,Hailey,F,1967,Lawton,Lucas,M,1970,Lawton,Elizabeth,F
1946,Sytwu,Lucy,F,1939,Lawton,Carter,M,1963,Lawton,Miles,M,1966,Lawton,Kaylee,F,1969,Lawton,Eli,M,1971,Lawton,Noah,M,1973,Lawton,Sebastian,M
1946,Walters,Mia,F,1939,Lawton,Dominic,M,1964,Lawton,Bella,F,1966,Lawton,Penelope,F,1969,Lawton,Declan,M,1972,Lawton,Alexis,F,1974,Lawton,Lily,F,1978,Lawton,Alice,F
1946,Walters,Nora,F,1937,Lawton,Dominic,M
1944,Lawton,Paisley,F,1941,Walters,Alexander,M,1962,Walters,Allison,F,1966,Walters,Kaitlyn,F,1969,Walters,Chase,M,1970,Walters,Katherine,F
1944,Sytwu,Kayla,F,1937,Lawton,John,M,1963,Lawton,Carson,M,1965,Lawton,Henry,M,1969,Lawton,Isaac,M
1943,Lawton,Alexander,M,1948,Sytwu,Liliana,F,1965,Lawton,Isaiah,M,1968,Lawton,Brooklyn,F,1971,Lawton,Caden,M,1973,Lawton,Daniel,M,1976,Lawton,Kaitlyn,F,1980,Lawton,Kylie,F,1984,Lawton,Peyton,F
1942,Lawton,Piper,F,1937,Walters,Gavin,M
1942,Sytwu,Scarlett,F,1935,Hao,Hudson,M
1942,Walters,Ava,F,1933,Lawton,Gabriel,M,1958,Lawton,Keira,F,1961,Lawton,Easton,M,1965,Lawton,Jordan,M,1967,Lawton,Colin,M,1968,Lawton,Ellie,F,1971,Lawton,Declan,M
1942,Walters,Kylie,F,1931,Lawton,Ethan,M,1959,Lawton,Brody,M,1960,Lawton,Gianna,F,1963,Lawton,Aaron,M,1965,Lawton,Elliot,M,1968,Lawton,Addison,F
1941,Lawton,Max,M,1946,Sytwu,Hannah,F,1964,Lawton,Hailey,F,1967,Lawton,Lucas,M,1970,Lawton,Elizabeth,F
1941,Walters,Alexander,M,1944,Lawton,Paisley,F,1962,Walters,Allison,F,1966,Walters,Kaitlyn,F,1969,Walters,Chase,M,1970,Walters,Katherine,F
1940,Lawton,Victoria,F,1931,Walters,Elijah,M,1956,Walters,Sophia,F,1957,Walters,Alex,M,1959,Walters,Julian,M,1962,Walters,Charlie,F
1939,Lawton,Carter,M,1946,Sytwu,Lucy,F,1963,Lawton,Miles,M,1966,Lawton,Kaylee,F,1969,Lawton,Eli,M,1971,Lawton,Noah,M,1973,Lawton,Sebastian,M
1939,Lawton,Dominic,M,1946,Walters,Mia,F,1964,Lawton,Bella,F,1966,Lawton,Penelope,F,1969,Lawton,Declan,M,1972,Lawton,Alexis,F,1974,Lawton,Lily,F,1978,Lawton,Alice,F
1938,Hao,Nora,F,1927,Anand,Samuel,M,1956,Anand,Jasmine,F,1958,Anand,Charlie,F
1938,Lawton,Aubrey,F,1925,Hao,Declan,M,1955,Hao,Dylan,M,1959,Hao,Lincoln,M
1938,Sytwu,Paisley,F,1925,Lawton,Nicholas,M,1954,Lawton,Alaina,F,1957,Lawton,Hunter,M
1937,Lawton,Dominic,M,1946,Walters,Nora,F
1937,Lawton,John,M,1944,Sytwu,Kayla,F,1963,Lawton,Carson,M,1965,Lawton,Henry,M,1969,Lawton,Isaac,M
1937,Walters,Gavin,M,1942,Lawton,Piper,F
1936,Lawton,Elena,F,1923,Walters,Cameron,M,1954,Walters,Layla,F,1958,Walters,Elena,F,1961,Walters,Camden,M,1964,Walters,Peyton,F,1968,Walters,Kayla,F
1936,Walters,Charlie,F,1923,Anand,Nicholas,M
1935,Hao,Hudson,M,1942,Sytwu,Scarlett,F
1934,Lawton,Evelyn,F,1923,Walters,Xander,M,1951,Walters,Caleb,M,1953,Walters,Nathaniel,M,1956,Walters,Nora,F,1957,Walters,Adam,M,1959,Walters,Adrian,M,1962,Walters,Eliana,F,1964,Walters,Adeline,F
1934,Lawton,Grace,F,1921,Hao,Jackson,M,1952,Hao,Paisley,F
1933,Lawton,Gabriel,M,1942,Walters,Ava,F,1958,Lawton,Keira,F,1961,Lawton,Easton,M,1965,Lawton,Jordan,M,1967,Lawton,Colin,M,1968,Lawton,Ellie,F,1971,Lawton,Declan,M
1932,Anand,Hannah,F,1921,Lawton,Nicholas,M
1932,Hao,Gabriella,F,1919,Lawton,Benjamin,M,1950,Lawton,Sophia,F,1952,Lawton,Sophia,F,1954,Lawton,Claire,F,1955,Lawton,David,M,1958,Lawton,Leah,F
1932,Lawton,Kaitlyn,F,1921,Walters,Sebastian,M,1951,Walters,David,M,1954,Walters,Cadence,F,1955,Walters,Cameron,M,1956,Walters,Leah,F,1957,Walters,Jackson,M,1961,Walters,Isaac,M,1964,Walters,Sophie,F
1931,Lawton,Ethan,M,1942,Walters,Kylie,F,1959,Lawton,Brody,M,1960,Lawton,Gianna,F,1963,Lawton,Aaron,M,1965,Lawton,Elliot,M,1968,Lawton,Addison,F
1931,Walters,Elijah,M,1940,Lawton,Victoria,F,1956,Walters,Sophia,F,1957,Walters,Alex,M,1959,Walters,Julian,M,1962,Walters,Charlie,F
1930,Anand,Madison,F,1915,Lawton,Thomas,M,1947,Lawton,Miles,M,1948,Lawton,Amelia,F
1930,Lawton,Hailey,F,1917,Sytwu,Jayce,M,1949,Sytwu,Jordan,M
1928,Hao,Claire,F,1915,Sytwu,Eli,M,1946,Sytwu,Lucy,F,1949,Sytwu,Camden,M
1928,Lawton,Avery,F,1915,Walters,Ethan,M,1947,Walters,Colton,M,1950,Walters,Annabelle,F,1954,Walters,Scarlett,F
1928,Lawton,Jasmine,F,1913,Walters,Brayden,M,1947,Walters,Liam,M,1949,Walters,Dominic,M,1950,Walters,Zoe,F,1951,Walters,Noah,M,1953,Walters,Landon,M
1928,Walters,Adeline,F,1913,Sytwu,Ryder,M,1947,Sytwu,Jack,M,1951,Sytwu,Aaron,M
1927,Anand,Samuel,M,1938,Hao,Nora,F,1956,Anand,Jasmine,F,1958,Anand,Charlie,F
1926,Walters,Callie,F,1913,Lawton,Muhammad,M,1946,Lawton,Brooklyn,F,1947,Lawton,Alex,M
1925,Hao,Declan,M,1938,Lawton,Aubrey,F,1955,Hao,Dylan,M,1959,Hao,Lincoln,M
1925,Lawton,Nicholas,M,1938,Sytwu,Paisley,F,1954,Lawton,Alaina,F,1957,Lawton,Hunter,M
1924,Anand,Lila,F,1913,Walters,Lucas,M,1942,Walters,Ava,F,1946,Walters,Mia,F,1947,Walters,Isaiah,M,1949,Walters,Ryder,M
1923,Anand,Nicholas,M,1936,Walters,Charlie,F
1923,Walters,Cameron,M,1936,Lawton,Elena,F,1954,Walters,Layla,F,1958,Walters,Elena,F,1961,Walters,Camden,M,1964,Walters,Peyton,F,1968,Walters,Kayla,F
1923,Walters,Xander,M,1934,Lawton,Evelyn,F,1951,Walters,Caleb,M,1953,Walters,Nathaniel,M,1956,Walters,Nora,F,1957,Walters,Adam,M,1959,Walters,Adrian,M,1962,Walters,Eliana,F,1964,Walters,Adeline,F
1921,Hao,Jackson,M,1934,Lawton,Grace,F,1952,Hao,Paisley,F
1921,Lawton,Nicholas,M,1932,Anand,Hannah,F
1921,Walters,Sebastian,M,1932,Lawton,Kaitlyn,F,1951,Walters,David,M,1954,Walters,Cadence,F,1955,Walters,Cameron,M,1956,Walters,Leah,F,1957,Walters,Jackson,M,1961,Walters,Isaac,M,1964,Walters,Sophie,F
1920,Anand,Adeline,F,1911,Lawton,Eli,M,1939,Lawton,Dominic,M,1942,Lawton,Piper,F,1946,Lawton,Charlotte,F,1950,Lawton,Emma,F,1953,Lawton,Andrew,M,1955,Lawton,Joseph,M,1959,Lawton,Christopher,M
1920,Walters,Brooklyn,F,1911,Sytwu,Anthony,M,1938,Sytwu,Paisley,F,1942,Sytwu,Scarlett,F,1944,Sytwu,Kayla,F,1946,Sytwu,Hannah,F,1948,Sytwu,Liliana,F
1919,Lawton,Benjamin,M,1932,Hao,Gabriella,F,1950,Lawton,Sophia,F,1952,Lawton,Sophia,F,1954,Lawton,Claire,F,1955,Lawton,David,M,1958,Lawton,Leah,F
1918,Anand,Alexandra,F,1907,Lawton,Gabriel,M,1937,Lawton,John,M,1941,Lawton,Max,M,1943,Lawton,Alexander,M
1917,Sytwu,Jayce,M,1930,Lawton,Hailey,F,1949,Sytwu,Jordan,M
1916,Lawton,Samantha,F,1909,Walters,Samuel,M,1936,Walters,Charlie,F,1937,Walters,Gavin,M,1941,Walters,Alexander,M,1942,Walters,Kylie,F,1946,Walters,Nora,F
1916,Walters,London,F,1901,Lawton,Carter,M,1934,Lawton,Grace,F,1936,Lawton,Elena,F,1937,Lawton,Dominic,M,1939,Lawton,Carter,M,1940,Lawton,Victoria,F,1944,Lawton,Paisley,F
1915,Lawton,Thomas,M,1930,Anand,Madison,F,1947,Lawton,Miles,M,1948,Lawton,Amelia,F
1915,Sytwu,Eli,M,1928,Hao,Claire,F,1946,Sytwu,Lucy,F,1949,Sytwu,Camden,M
1915,Walters,Ethan,M,1928,Lawton,Avery,F,1947,Walters,Colton,M,1950,Walters,Annabelle,F,1954,Walters,Scarlett,F
1913,Lawton,Muhammad,M,1926,Walters,Callie,F,1946,Lawton,Brooklyn,F,1947,Lawton,Alex,M
1913,Sytwu,Ryder,M,1928,Walters,Adeline,F,1947,Sytwu,Jack,M,1951,Sytwu,Aaron,M
1913,Walters,Brayden,M,1928,Lawton,Jasmine,F,1947,Walters,Liam,M,1949,Walters,Dominic,M,1950,Walters,Zoe,F,1951,Walters,Noah,M,1953,Walters,Landon,M
1913,Walters,Lucas,M,1924,Anand,Lila,F,1942,Walters,Ava,F,1946,Walters,Mia,F,1947,Walters,Isaiah,M,1949,Walters,Ryder,M
1912,Walters,Hailey,F,1899,Lawton,Thomas,M,1928,Lawton,Avery,F,1931,Lawton,Ethan,M,1932,Lawton,Kaitlyn,F
1911,Lawton,Eli,M,1920,Anand,Adeline,F,1939,Lawton,Dominic,M,1942,Lawton,Piper,F,1946,Lawton,Charlotte,F,1950,Lawton,Emma,F,1953,Lawton,Andrew,M,1955,Lawton,Joseph,M,1959,Lawton,Christopher,M
1911,Sytwu,Anthony,M,1920,Walters,Brooklyn,F,1938,Sytwu,Paisley,F,1942,Sytwu,Scarlett,F,1944,Sytwu,Kayla,F,1946,Sytwu,Hannah,F,1948,Sytwu,Liliana,F
1909,Walters,Samuel,M,1916,Lawton,Samantha,F,1936,Walters,Charlie,F,1937,Walters,Gavin,M,1941,Walters,Alexander,M,1942,Walters,Kylie,F,1946,Walters,Nora,F
1908,Sytwu,Clara,F,1897,Lawton,Andrew,M,1925,Lawton,Nicholas,M,1928,Lawton,Jasmine,F,1930,Lawton,Hailey,F,1933,Lawton,Gabriel,M,1934,Lawton,Evelyn,F,1938,Lawton,Aubrey,F
1907,Lawton,Gabriel,M,1918,Anand,Alexandra,F,1937,Lawton,John,M,1941,Lawton,Max,M,1943,Lawton,Alexander,M
1904,Hao,Liliana,F,1897,Walters,Charlie,M,1923,Walters,Cameron,M,1926,Walters,Callie,F,1928,Walters,Adeline,F,1931,Walters,Elijah,M
1904,Lawton,Lucy,F,1895,Hao,Isaiah,M,1921,Hao,Jackson,M,1925,Hao,Declan,M,1928,Hao,Claire,F,1932,Hao,Gabriella,F,1935,Hao,Hudson,M,1938,Hao,Nora,F
1901,Lawton,Carter,M,1916,Walters,London,F,1934,Lawton,Grace,F,1936,Lawton,Elena,F,1937,Lawton,Dominic,M,1939,Lawton,Carter,M,1940,Lawton,Victoria,F,1944,Lawton,Paisley,F
1900,Hao,Ella,F,1893,Anand,Gabriel,M,1918,Anand,Alexandra,F,1920,Anand,Adeline,F,1923,Anand,Nicholas,M,1924,Anand,Lila,F,1927,Anand,Samuel,M,1930,Anand,Madison,F,1932,Anand,Hannah,F
1899,Lawton,Thomas,M,1912,Walters,Hailey,F,1928,Lawton,Avery,F,1931,Lawton,Ethan,M,1932,Lawton,Kaitlyn,F
1898,Hao,Keira,F,1893,Walters,Dominic,M,1915,Walters,Ethan,M
1897,Lawton,Andrew,M,1908,Sytwu,Clara,F,1925,Lawton,Nicholas,M,1928,Lawton,Jasmine,F,1930,Lawton,Hailey,F,1933,Lawton,Gabriel,M,1934,Lawton,Evelyn,F,1938,Lawton,Aubrey,F
1897,Walters,Charlie,M,1904,Hao,Liliana,F,1923,Walters,Cameron,M,1926,Walters,Callie,F,1928,Walters,Adeline,F,1931,Walters,Elijah,M
1896,Hao,Elena,F,1891,Walters,Alex,M,1913,Walters,Brayden,M
1895,Hao,Isaiah,M,1904,Lawton,Lucy,F,1921,Hao,Jackson,M,1925,Hao,Declan,M,1928,Hao,Claire,F,1932,Hao,Gabriella,F,1935,Hao,Hudson,M,1938,Hao,Nora,F
1894,Walters,Leah,F,1893,Lawton,Thomas,M,1916,Lawton,Samantha,F,1919,Lawton,Benjamin,M,1921,Lawton,Nicholas,M
1893,Anand,Gabriel,M,1900,Hao,Ella,F,1918,Anand,Alexandra,F,1920,Anand,Adeline,F,1923,Anand,Nicholas,M,1924,Anand,Lila,F,1927,Anand,Samuel,M,1930,Anand,Madison,F,1932,Anand,Hannah,F
1893,Lawton,Thomas,M,1894,Walters,Leah,F,1916,Lawton,Samantha,F,1919,Lawton,Benjamin,M,1921,Lawton,Nicholas,M
1893,Walters,Dominic,M,1898,Hao,Keira,F,1915,Walters,Ethan,M
1892,Hao,Scarlett,F,1889,Lawton,Julian,M,1911,Lawton,Eli,M,1913,Lawton,Muhammad,M,1915,Lawton,Thomas,M
1891,Walters,Alex,M,1896,Hao,Elena,F,1913,Walters,Brayden,M
1890,Anand,Nora,F,1883,Sytwu,Joshua,M,1908,Sytwu,Clara,F,1911,Sytwu,Anthony,M,1913,Sytwu,Ryder,M,1915,Sytwu,Eli,M,1917,Sytwu,Jayce,M
1889,Lawton,Julian,M,1892,Hao,Scarlett,F,1911,Lawton,Eli,M,1913,Lawton,Muhammad,M,1915,Lawton,Thomas,M
1889,Walters,Alexander,M,1882,Sytwu,Emily,F,1909,Walters,Samuel,M,1912,Walters,Hailey,F,1913,Walters,Lucas,M,1916,Walters,London,F,1920,Walters,Brooklyn,F,1921,Walters,Sebastian,M,1923,Walters,Xander,M
1883,Sytwu,Joshua,M,1890,Anand,Nora,F,1908,Sytwu,Clara,F,1911,Sytwu,Anthony,M,1913,Sytwu,Ryder,M,1915,Sytwu,Eli,M,1917,Sytwu,Jayce,M
1882,Sytwu,Emily,F,1889,Walters,Alexander,M,1909,Walters,Samuel,M,1912,Walters,Hailey,F,1913,Walters,Lucas,M,1916,Walters,London,F,1920,Walters,Brooklyn,F,1921,Walters,Sebastian,M,1923,Walters,Xander,M
1875,Hao,Hudson,M,1870,Matsumura,Reagan,F,1892,Hao,Scarlett,F,1895,Hao,Isaiah,M,1896,Hao,Elena,F,1898,Hao,Keira,F,1900,Hao,Ella,F,1904,Hao,Liliana,F
1873,Anand,Jayden,M,1868,Leonard,Alyssa,F,1890,Anand,Nora,F,1893,Anand,Gabriel,M
1871,Lawton,Michael,M,1868,Wong,Brooklyn,F,1889,Lawton,Julian,M,1893,Lawton,Thomas,M,1897,Lawton,Andrew,M,1899,Lawton,Thomas,M,1901,Lawton,Carter,M,1904,Lawton,Lucy,F,1907,Lawton,Gabriel,M
1871,Walters,Jayden,M,1866,Chon,Claire,F,1889,Walters,Alexander,M,1891,Walters,Alex,M,1893,Walters,Dominic,M,1894,Walters,Leah,F,1897,Walters,Charlie,M
1870,Matsumura,Reagan,F,1875,Hao,Hudson,M,1892,Hao,Scarlett,F,1895,Hao,Isaiah,M,1896,Hao,Elena,F,1898,Hao,Keira,F,1900,Hao,Ella,F,1904,Hao,Liliana,F
1868,Leonard,Alyssa,F,1873,Anand,Jayden,M,1890,Anand,Nora,F,1893,Anand,Gabriel,M
1868,Wong,Brooklyn,F,1871,Lawton,Michael,M,1889,Lawton,Julian,M,1893,Lawton,Thomas,M,1897,Lawton,Andrew,M,1899,Lawton,Thomas,M,1901,Lawton,Carter,M,1904,Lawton,Lucy,F,1907,Lawton,Gabriel,M
1866,Chon,Claire,F,1871,Walters,Jayden,M,1889,Walters,Alexander,M,1891,Walters,Alex,M,1893,Walters,Dominic,M,1894,Walters,Leah,F,1897,Walters,Charlie,M
1866,Matyas,Aaliyah,F,1865,Sytwu,Xavier,M,1882,Sytwu,Emily,F,1883,Sytwu,Joshua,M
1865,Sytwu,Xavier,M,1866,Matyas,Aaliyah,F,1882,Sytwu,Emily,F,1883,Sytwu,Joshua,M
